[
   {
      "name":"theme_info",
      "theme_name":"Shrine⁺",
      "theme_version":"1.3.5",
      "theme_author":"Shrine",
      "theme_documentation_url":"https:\/\/help.shrinetheme.com\/",
      "theme_support_url":"https:\/\/shrinetheme.com\/pages\/contact"
   },
   {
      "name":"Help",
      "settings":[
         {
            "type":"paragraph",
            "content":"Full theme guide can be viewed [here](https:\/\/help.shrinetheme.com\/)."
         }
      ]
   },
   {
      "name":"Security",
      "settings":[
         {
            "type":"checkbox",
            "id":"disable_inspect",
            "label":"Disable copying text, downloading images and opening Inspect element",
            "default":true
         }
      ]
   },
   {
      "name":"t:settings_schema.logo.name",
      "settings":[
         {
            "type":"image_picker",
            "id":"logo",
            "label":"t:settings_schema.logo.settings.logo_image.label"
         },
         {
            "type":"range",
            "id":"logo_width",
            "min":50,
            "max":300,
            "step":10,
            "default":100,
            "unit":"px",
            "label":"t:settings_schema.logo.settings.logo_width.label"
         },
         {
            "type":"image_picker",
            "id":"favicon",
            "label":"t:settings_schema.logo.settings.favicon.label",
            "info":"t:settings_schema.logo.settings.favicon.info"
         }
      ]
   },
   {
      "name":"t:settings_schema.colors.name",
      "settings":[
         {
            "type":"header",
            "content":"t:settings_schema.colors.settings.header__1.content"
         },
         {
            "type":"color",
            "id":"colors_solid_button_labels",
            "default":"#FDFBF7",
            "label":"t:settings_schema.colors.settings.colors_solid_button_labels.label",
            "info":"t:settings_schema.colors.settings.colors_solid_button_labels.info"
         },
         {
            "type":"color",
            "id":"colors_accent_1",
            "default":"#dd1d1d",
            "label":"t:settings_schema.colors.settings.colors_accent_1.label",
            "info":"t:settings_schema.colors.settings.colors_accent_1.info"
         },
         {
            "id":"gradient_accent_1",
            "type":"color_background",
            "label":"t:settings_schema.colors.settings.gradient_accent_1.label"
         },
         {
            "type":"color",
            "id":"colors_accent_2",
            "default":"#dd1d1d",
            "label":"t:settings_schema.colors.settings.colors_accent_2.label"
         },
         {
            "type":"color_background",
            "id":"gradient_accent_2",
            "label":"t:settings_schema.colors.settings.gradient_accent_2.label"
         },
         {
            "type":"header",
            "content":"t:settings_schema.colors.settings.header__2.content"
         },
         {
            "type":"color",
            "id":"colors_text",
            "default":"#2E2A39",
            "label":"t:settings_schema.colors.settings.colors_text.label",
            "info":"t:settings_schema.colors.settings.colors_text.info"
         },
         {
            "type":"color",
            "id":"colors_outline_button_labels",
            "default":"#2E2A39",
            "label":"t:settings_schema.colors.settings.colors_outline_button_labels.label",
            "info":"t:settings_schema.colors.settings.colors_outline_button_labels.info"
         },
         {
            "type":"color",
            "id":"colors_background_1",
            "default":"#FFFFFF",
            "label":"t:settings_schema.colors.settings.colors_background_1.label"
         },
         {
            "type":"color_background",
            "id":"gradient_background_1",
            "label":"t:settings_schema.colors.settings.gradient_background_1.label"
         },
         {
            "type":"color",
            "id":"colors_background_2",
            "default":"#F3F3F3",
            "label":"t:settings_schema.colors.settings.colors_background_2.label"
         },
         {
            "type":"color_background",
            "id":"gradient_background_2",
            "label":"t:settings_schema.colors.settings.gradient_background_2.label"
         }
      ]
   },
   {
      "name":"t:settings_schema.typography.name",
      "settings":[
         {
            "type":"header",
            "content":"t:settings_schema.typography.settings.header__1.content"
         },
         {
            "type":"font_picker",
            "id":"type_header_font",
            "default":"harmonia_sans_n6",
            "label":"t:settings_schema.typography.settings.type_header_font.label",
            "info":"t:settings_schema.typography.settings.type_header_font.info"
         },
         {
            "type":"range",
            "id":"heading_scale",
            "min":100,
            "max":150,
            "step":5,
            "unit":"%",
            "label":"t:settings_schema.typography.settings.heading_scale.label",
            "default":130
         },
         {
            "type":"header",
            "content":"t:settings_schema.typography.settings.header__2.content"
         },
         {
            "type":"font_picker",
            "id":"type_body_font",
            "default":"harmonia_sans_n4",
            "label":"t:settings_schema.typography.settings.type_body_font.label",
            "info":"t:settings_schema.typography.settings.type_body_font.info"
         },
         {
            "type":"range",
            "id":"body_scale",
            "min":100,
            "max":130,
            "step":5,
            "unit":"%",
            "label":"t:settings_schema.typography.settings.body_scale.label",
            "default":100
         }
      ]
   },
   {
      "name":"t:settings_schema.layout.name",
      "settings":[
         {
            "type":"range",
            "id":"page_width",
            "min":1000,
            "max":1600,
            "step":100,
            "default":1200,
            "unit":"px",
            "label":"t:settings_schema.layout.settings.page_width.label"
         },
         {
            "type":"range",
            "id":"spacing_sections",
            "min":0,
            "max":100,
            "step":4,
            "unit":"px",
            "label":"t:settings_schema.layout.settings.spacing_sections.label",
            "default":36
         },
         {
            "type":"header",
            "content":"t:settings_schema.layout.settings.header__grid.content"
         },
         {
            "type":"paragraph",
            "content":"t:settings_schema.layout.settings.paragraph__grid.content"
         },
         {
            "type":"range",
            "id":"spacing_grid_horizontal",
            "min":4,
            "max":40,
            "step":4,
            "default":40,
            "unit":"px",
            "label":"t:settings_schema.layout.settings.spacing_grid_horizontal.label"
         },
         {
            "type":"range",
            "id":"spacing_grid_vertical",
            "min":4,
            "max":40,
            "step":4,
            "default":40,
            "unit":"px",
            "label":"t:settings_schema.layout.settings.spacing_grid_vertical.label"
         }
      ]
   },
   {
      "name":"t:settings_schema.buttons.name",
      "settings":[
         {
            "type":"header",
            "content":"t:settings_schema.global.settings.header__border.content"
         },
         {
            "type":"range",
            "id":"buttons_border_thickness",
            "min":0,
            "max":12,
            "step":1,
            "unit":"px",
            "label":"t:settings_schema.global.settings.thickness.label",
            "default":1
         },
         {
            "type":"range",
            "id":"buttons_border_opacity",
            "min":0,
            "max":100,
            "step":5,
            "unit":"%",
            "label":"t:settings_schema.global.settings.opacity.label",
            "default":15
         },
         {
            "type":"range",
            "id":"buttons_radius",
            "min":0,
            "max":40,
            "step":2,
            "unit":"px",
            "label":"t:settings_schema.global.settings.corner_radius.label",
            "default":10
         },
         {
            "type":"header",
            "content":"t:settings_schema.global.settings.header__shadow.content"
         },
         {
            "type":"range",
            "id":"buttons_shadow_opacity",
            "min":0,
            "max":100,
            "step":5,
            "unit":"%",
            "label":"t:settings_schema.global.settings.opacity.label",
            "default":0
         },
         {
            "type":"range",
            "id":"buttons_shadow_horizontal_offset",
            "min":-12,
            "max":12,
            "step":2,
            "unit":"px",
            "label":"t:settings_schema.global.settings.horizontal_offset.label",
            "default":0
         },
         {
            "type":"range",
            "id":"buttons_shadow_vertical_offset",
            "min":-12,
            "max":12,
            "step":2,
            "unit":"px",
            "label":"t:settings_schema.global.settings.vertical_offset.label",
            "default":0
         },
         {
            "type":"range",
            "id":"buttons_shadow_blur",
            "min":0,
            "max":20,
            "step":5,
            "unit":"px",
            "label":"t:settings_schema.global.settings.blur.label",
            "default":0
         }
      ]
   },
   {
      "name":"t:settings_schema.variant_pills.name",
      "settings":[
         {
            "type":"paragraph",
            "content":"t:settings_schema.variant_pills.paragraph"
         },
         {
            "type":"header",
            "content":"t:settings_schema.global.settings.header__border.content"
         },
         {
            "type":"range",
            "id":"variant_pills_border_thickness",
            "min":0,
            "max":12,
            "step":1,
            "unit":"px",
            "label":"t:settings_schema.global.settings.thickness.label",
            "default":1
         },
         {
            "type":"range",
            "id":"variant_pills_border_opacity",
            "min":0,
            "max":100,
            "step":5,
            "unit":"%",
            "label":"t:settings_schema.global.settings.opacity.label",
            "default":55
         },
         {
            "type":"range",
            "id":"variant_pills_radius",
            "min":0,
            "max":40,
            "step":2,
            "unit":"px",
            "label":"t:settings_schema.global.settings.corner_radius.label",
            "default":40
         },
         {
            "type":"header",
            "content":"t:settings_schema.global.settings.header__shadow.content"
         },
         {
            "type":"range",
            "id":"variant_pills_shadow_opacity",
            "min":0,
            "max":100,
            "step":5,
            "unit":"%",
            "label":"t:settings_schema.global.settings.opacity.label",
            "default":0
         },
         {
            "type":"range",
            "id":"variant_pills_shadow_horizontal_offset",
            "min":-12,
            "max":12,
            "step":2,
            "unit":"px",
            "label":"t:settings_schema.global.settings.horizontal_offset.label",
            "default":0
         },
         {
            "type":"range",
            "id":"variant_pills_shadow_vertical_offset",
            "min":-12,
            "max":12,
            "step":2,
            "unit":"px",
            "label":"t:settings_schema.global.settings.vertical_offset.label",
            "default":0
         },
         {
            "type":"range",
            "id":"variant_pills_shadow_blur",
            "min":0,
            "max":20,
            "step":5,
            "unit":"px",
            "label":"t:settings_schema.global.settings.blur.label",
            "default":0
         }
      ]
   },
   {
      "name":"t:settings_schema.inputs.name",
      "settings":[
         {
            "type":"header",
            "content":"t:settings_schema.global.settings.header__border.content"
         },
         {
            "type":"range",
            "id":"inputs_border_thickness",
            "min":0,
            "max":12,
            "step":1,
            "unit":"px",
            "label":"t:settings_schema.global.settings.thickness.label",
            "default":1
         },
         {
            "type":"range",
            "id":"inputs_border_opacity",
            "min":0,
            "max":100,
            "step":5,
            "unit":"%",
            "label":"t:settings_schema.global.settings.opacity.label",
            "default":15
         },
         {
            "type":"range",
            "id":"inputs_radius",
            "min":0,
            "max":40,
            "step":2,
            "unit":"px",
            "label":"t:settings_schema.global.settings.corner_radius.label",
            "default":10
         },
         {
            "type":"header",
            "content":"t:settings_schema.global.settings.header__shadow.content"
         },
         {
            "type":"range",
            "id":"inputs_shadow_opacity",
            "min":0,
            "max":100,
            "step":5,
            "unit":"%",
            "label":"t:settings_schema.global.settings.opacity.label",
            "default":0
         },
         {
            "type":"range",
            "id":"inputs_shadow_horizontal_offset",
            "min":-12,
            "max":12,
            "step":2,
            "unit":"px",
            "label":"t:settings_schema.global.settings.horizontal_offset.label",
            "default":0
         },
         {
            "type":"range",
            "id":"inputs_shadow_vertical_offset",
            "min":-12,
            "max":12,
            "step":2,
            "unit":"px",
            "label":"t:settings_schema.global.settings.vertical_offset.label",
            "default":0
         },
         {
            "type":"range",
            "id":"inputs_shadow_blur",
            "min":0,
            "max":20,
            "step":5,
            "unit":"px",
            "label":"t:settings_schema.global.settings.blur.label",
            "default":0
         }
      ]
   },
   {
      "name":"t:settings_schema.cards.name",
      "settings":[
         {
            "type":"select",
            "id":"card_style",
            "options":[
               {
                  "value":"standard",
                  "label":"t:settings_schema.cards.settings.style.options__1.label"
               },
               {
                  "value":"card",
                  "label":"t:settings_schema.cards.settings.style.options__2.label"
               }
            ],
            "default":"card",
            "label":"t:settings_schema.cards.settings.style.label"
         },
         {
            "type":"range",
            "id":"card_image_padding",
            "min":0,
            "max":20,
            "step":2,
            "unit":"px",
            "label":"t:settings_schema.global.settings.image_padding.label",
            "default":0
         },
         {
            "type":"select",
            "id":"card_text_alignment",
            "options":[
               {
                  "value":"left",
                  "label":"t:settings_schema.global.settings.text_alignment.options__1.label"
               },
               {
                  "value":"center",
                  "label":"t:settings_schema.global.settings.text_alignment.options__2.label"
               },
               {
                  "value":"right",
                  "label":"t:settings_schema.global.settings.text_alignment.options__3.label"
               }
            ],
            "default":"center",
            "label":"t:settings_schema.global.settings.text_alignment.label"
         },
         {
            "type":"select",
            "id":"card_color_scheme",
            "options":[
               {
                  "value":"accent-1",
                  "label":"t:sections.all.colors.accent_1.label"
               },
               {
                  "value":"accent-2",
                  "label":"t:sections.all.colors.accent_2.label"
               },
               {
                  "value":"background-1",
                  "label":"t:sections.all.colors.background_1.label"
               },
               {
                  "value":"background-2",
                  "label":"t:sections.all.colors.background_2.label"
               },
               {
                  "value":"inverse",
                  "label":"t:sections.all.colors.inverse.label"
               }
            ],
            "default":"background-1",
            "label":"t:sections.all.colors.label"
         },
         {
            "type":"header",
            "content":"t:settings_schema.global.settings.header__border.content"
         },
         {
            "type":"range",
            "id":"card_border_thickness",
            "min":0,
            "max":24,
            "step":1,
            "unit":"px",
            "label":"t:settings_schema.global.settings.thickness.label",
            "default":0
         },
         {
            "type":"range",
            "id":"card_border_opacity",
            "min":0,
            "max":100,
            "step":5,
            "unit":"%",
            "label":"t:settings_schema.global.settings.opacity.label",
            "default":10
         },
         {
            "type":"range",
            "id":"card_corner_radius",
            "min":0,
            "max":40,
            "step":2,
            "unit":"px",
            "label":"t:settings_schema.global.settings.corner_radius.label",
            "default":12
         },
         {
            "type":"header",
            "content":"t:settings_schema.global.settings.header__shadow.content"
         },
         {
            "type":"range",
            "id":"card_shadow_opacity",
            "min":0,
            "max":100,
            "step":5,
            "unit":"%",
            "label":"t:settings_schema.global.settings.opacity.label",
            "default":5
         },
         {
            "type":"range",
            "id":"card_shadow_horizontal_offset",
            "min":-40,
            "max":40,
            "step":2,
            "unit":"px",
            "label":"t:settings_schema.global.settings.horizontal_offset.label",
            "default":10
         },
         {
            "type":"range",
            "id":"card_shadow_vertical_offset",
            "min":-40,
            "max":40,
            "step":2,
            "unit":"px",
            "label":"t:settings_schema.global.settings.vertical_offset.label",
            "default":10
         },
         {
            "type":"range",
            "id":"card_shadow_blur",
            "min":0,
            "max":40,
            "step":5,
            "unit":"px",
            "label":"t:settings_schema.global.settings.blur.label",
            "default":35
         }
      ]
   },
   {
      "name":"t:settings_schema.collection_cards.name",
      "settings":[
         {
            "type":"select",
            "id":"collection_card_style",
            "options":[
               {
                  "value":"standard",
                  "label":"t:settings_schema.collection_cards.settings.style.options__1.label"
               },
               {
                  "value":"card",
                  "label":"t:settings_schema.collection_cards.settings.style.options__2.label"
               }
            ],
            "default":"standard",
            "label":"t:settings_schema.collection_cards.settings.style.label"
         },
         {
            "type":"range",
            "id":"collection_card_image_padding",
            "min":0,
            "max":20,
            "step":2,
            "unit":"px",
            "label":"t:settings_schema.global.settings.image_padding.label",
            "default":0
         },
         {
            "type":"select",
            "id":"collection_card_text_alignment",
            "options":[
               {
                  "value":"left",
                  "label":"t:settings_schema.global.settings.text_alignment.options__1.label"
               },
               {
                  "value":"center",
                  "label":"t:settings_schema.global.settings.text_alignment.options__2.label"
               },
               {
                  "value":"right",
                  "label":"t:settings_schema.global.settings.text_alignment.options__3.label"
               }
            ],
            "default":"left",
            "label":"t:settings_schema.global.settings.text_alignment.label"
         },
         {
            "type":"select",
            "id":"collection_card_color_scheme",
            "options":[
               {
                  "value":"accent-1",
                  "label":"t:sections.all.colors.accent_1.label"
               },
               {
                  "value":"accent-2",
                  "label":"t:sections.all.colors.accent_2.label"
               },
               {
                  "value":"background-1",
                  "label":"t:sections.all.colors.background_1.label"
               },
               {
                  "value":"background-2",
                  "label":"t:sections.all.colors.background_2.label"
               },
               {
                  "value":"inverse",
                  "label":"t:sections.all.colors.inverse.label"
               }
            ],
            "default":"background-2",
            "label":"t:sections.all.colors.label"
         },
         {
            "type":"header",
            "content":"t:settings_schema.global.settings.header__border.content"
         },
         {
            "type":"range",
            "id":"collection_card_border_thickness",
            "min":0,
            "max":24,
            "step":1,
            "unit":"px",
            "label":"t:settings_schema.global.settings.thickness.label",
            "default":0
         },
         {
            "type":"range",
            "id":"collection_card_border_opacity",
            "min":0,
            "max":100,
            "step":5,
            "unit":"%",
            "label":"t:settings_schema.global.settings.opacity.label",
            "default":0
         },
         {
            "type":"range",
            "id":"collection_card_corner_radius",
            "min":0,
            "max":40,
            "step":2,
            "unit":"px",
            "label":"t:settings_schema.global.settings.corner_radius.label",
            "default":0
         },
         {
            "type":"header",
            "content":"t:settings_schema.global.settings.header__shadow.content"
         },
         {
            "type":"range",
            "id":"collection_card_shadow_opacity",
            "min":0,
            "max":100,
            "step":5,
            "unit":"%",
            "label":"t:settings_schema.global.settings.opacity.label",
            "default":10
         },
         {
            "type":"range",
            "id":"collection_card_shadow_horizontal_offset",
            "min":-40,
            "max":40,
            "step":2,
            "unit":"px",
            "label":"t:settings_schema.global.settings.horizontal_offset.label",
            "default":0
         },
         {
            "type":"range",
            "id":"collection_card_shadow_vertical_offset",
            "min":-40,
            "max":40,
            "step":2,
            "unit":"px",
            "label":"t:settings_schema.global.settings.vertical_offset.label",
            "default":0
         },
         {
            "type":"range",
            "id":"collection_card_shadow_blur",
            "min":0,
            "max":40,
            "step":5,
            "unit":"px",
            "label":"t:settings_schema.global.settings.blur.label",
            "default":0
         }
      ]
   },
   {
      "name":"t:settings_schema.blog_cards.name",
      "settings":[
         {
            "type":"select",
            "id":"blog_card_style",
            "options":[
               {
                  "value":"standard",
                  "label":"t:settings_schema.blog_cards.settings.style.options__1.label"
               },
               {
                  "value":"card",
                  "label":"t:settings_schema.blog_cards.settings.style.options__2.label"
               }
            ],
            "default":"standard",
            "label":"t:settings_schema.blog_cards.settings.style.label"
         },
         {
            "type":"range",
            "id":"blog_card_image_padding",
            "min":0,
            "max":20,
            "step":2,
            "unit":"px",
            "label":"t:settings_schema.global.settings.image_padding.label",
            "default":0
         },
         {
            "type":"select",
            "id":"blog_card_text_alignment",
            "options":[
               {
                  "value":"left",
                  "label":"t:settings_schema.global.settings.text_alignment.options__1.label"
               },
               {
                  "value":"center",
                  "label":"t:settings_schema.global.settings.text_alignment.options__2.label"
               },
               {
                  "value":"right",
                  "label":"t:settings_schema.global.settings.text_alignment.options__3.label"
               }
            ],
            "default":"left",
            "label":"t:settings_schema.global.settings.text_alignment.label"
         },
         {
            "type":"select",
            "id":"blog_card_color_scheme",
            "options":[
               {
                  "value":"accent-1",
                  "label":"t:sections.all.colors.accent_1.label"
               },
               {
                  "value":"accent-2",
                  "label":"t:sections.all.colors.accent_2.label"
               },
               {
                  "value":"background-1",
                  "label":"t:sections.all.colors.background_1.label"
               },
               {
                  "value":"background-2",
                  "label":"t:sections.all.colors.background_2.label"
               },
               {
                  "value":"inverse",
                  "label":"t:sections.all.colors.inverse.label"
               }
            ],
            "default":"background-2",
            "label":"t:sections.all.colors.label"
         },
         {
            "type":"header",
            "content":"t:settings_schema.global.settings.header__border.content"
         },
         {
            "type":"range",
            "id":"blog_card_border_thickness",
            "min":0,
            "max":24,
            "step":1,
            "unit":"px",
            "label":"t:settings_schema.global.settings.thickness.label",
            "default":0
         },
         {
            "type":"range",
            "id":"blog_card_border_opacity",
            "min":0,
            "max":100,
            "step":5,
            "unit":"%",
            "label":"t:settings_schema.global.settings.opacity.label",
            "default":0
         },
         {
            "type":"range",
            "id":"blog_card_corner_radius",
            "min":0,
            "max":40,
            "step":2,
            "unit":"px",
            "label":"t:settings_schema.global.settings.corner_radius.label",
            "default":0
         },
         {
            "type":"header",
            "content":"t:settings_schema.global.settings.header__shadow.content"
         },
         {
            "type":"range",
            "id":"blog_card_shadow_opacity",
            "min":0,
            "max":100,
            "step":5,
            "unit":"%",
            "label":"t:settings_schema.global.settings.opacity.label",
            "default":10
         },
         {
            "type":"range",
            "id":"blog_card_shadow_horizontal_offset",
            "min":-40,
            "max":40,
            "step":2,
            "unit":"px",
            "label":"t:settings_schema.global.settings.horizontal_offset.label",
            "default":0
         },
         {
            "type":"range",
            "id":"blog_card_shadow_vertical_offset",
            "min":-40,
            "max":40,
            "step":2,
            "unit":"px",
            "label":"t:settings_schema.global.settings.vertical_offset.label",
            "default":0
         },
         {
            "type":"range",
            "id":"blog_card_shadow_blur",
            "min":0,
            "max":40,
            "step":5,
            "unit":"px",
            "label":"t:settings_schema.global.settings.blur.label",
            "default":0
         }
      ]
   },
   {
      "name":"t:settings_schema.content_containers.name",
      "settings":[
         {
            "type":"header",
            "content":"t:settings_schema.global.settings.header__border.content"
         },
         {
            "type":"range",
            "id":"text_boxes_border_thickness",
            "min":0,
            "max":24,
            "step":1,
            "unit":"px",
            "label":"t:settings_schema.global.settings.thickness.label",
            "default":0
         },
         {
            "type":"range",
            "id":"text_boxes_border_opacity",
            "min":0,
            "max":100,
            "step":5,
            "unit":"%",
            "label":"t:settings_schema.global.settings.opacity.label",
            "default":0
         },
         {
            "type":"range",
            "id":"text_boxes_radius",
            "min":0,
            "max":40,
            "step":2,
            "unit":"px",
            "label":"t:settings_schema.global.settings.corner_radius.label",
            "default":24
         },
         {
            "type":"header",
            "content":"t:settings_schema.global.settings.header__shadow.content"
         },
         {
            "type":"range",
            "id":"text_boxes_shadow_opacity",
            "min":0,
            "max":100,
            "step":5,
            "unit":"%",
            "label":"t:settings_schema.global.settings.opacity.label",
            "default":0
         },
         {
            "type":"range",
            "id":"text_boxes_shadow_horizontal_offset",
            "min":-40,
            "max":40,
            "step":2,
            "unit":"px",
            "label":"t:settings_schema.global.settings.horizontal_offset.label",
            "default":10
         },
         {
            "type":"range",
            "id":"text_boxes_shadow_vertical_offset",
            "min":-40,
            "max":40,
            "step":2,
            "unit":"px",
            "label":"t:settings_schema.global.settings.vertical_offset.label",
            "default":12
         },
         {
            "type":"range",
            "id":"text_boxes_shadow_blur",
            "min":0,
            "max":40,
            "step":5,
            "unit":"px",
            "label":"t:settings_schema.global.settings.blur.label",
            "default":20
         }
      ]
   },
   {
      "name":"t:settings_schema.media.name",
      "settings":[
         {
            "type":"header",
            "content":"t:settings_schema.global.settings.header__border.content"
         },
         {
            "type":"range",
            "id":"media_border_thickness",
            "min":0,
            "max":24,
            "step":1,
            "unit":"px",
            "label":"t:settings_schema.global.settings.thickness.label",
            "default":0
         },
         {
            "type":"range",
            "id":"media_border_opacity",
            "min":0,
            "max":100,
            "step":5,
            "unit":"%",
            "label":"t:settings_schema.global.settings.opacity.label",
            "default":0
         },
         {
            "type":"range",
            "id":"media_radius",
            "min":0,
            "max":40,
            "step":2,
            "unit":"px",
            "label":"t:settings_schema.global.settings.corner_radius.label",
            "default":12
         },
         {
            "type":"header",
            "content":"t:settings_schema.global.settings.header__shadow.content"
         },
         {
            "type":"range",
            "id":"media_shadow_opacity",
            "min":0,
            "max":100,
            "step":5,
            "unit":"%",
            "label":"t:settings_schema.global.settings.opacity.label",
            "default":10
         },
         {
            "type":"range",
            "id":"media_shadow_horizontal_offset",
            "min":-40,
            "max":40,
            "step":2,
            "unit":"px",
            "label":"t:settings_schema.global.settings.horizontal_offset.label",
            "default":10
         },
         {
            "type":"range",
            "id":"media_shadow_vertical_offset",
            "min":-40,
            "max":40,
            "step":2,
            "unit":"px",
            "label":"t:settings_schema.global.settings.vertical_offset.label",
            "default":12
         },
         {
            "type":"range",
            "id":"media_shadow_blur",
            "min":0,
            "max":40,
            "step":5,
            "unit":"px",
            "label":"t:settings_schema.global.settings.blur.label",
            "default":20
         }
      ]
   },
   {
      "name":"t:settings_schema.popups.name",
      "settings":[
         {
            "type":"paragraph",
            "content":"t:settings_schema.popups.paragraph"
         },
         {
            "type":"header",
            "content":"t:settings_schema.global.settings.header__border.content"
         },
         {
            "type":"range",
            "id":"popup_border_thickness",
            "min":0,
            "max":24,
            "step":1,
            "unit":"px",
            "label":"t:settings_schema.global.settings.thickness.label",
            "default":1
         },
         {
            "type":"range",
            "id":"popup_border_opacity",
            "min":0,
            "max":100,
            "step":5,
            "unit":"%",
            "label":"t:settings_schema.global.settings.opacity.label",
            "default":10
         },
         {
            "type":"range",
            "id":"popup_corner_radius",
            "min":0,
            "max":40,
            "step":2,
            "unit":"px",
            "label":"t:settings_schema.global.settings.corner_radius.label",
            "default":22
         },
         {
            "type":"header",
            "content":"t:settings_schema.global.settings.header__shadow.content"
         },
         {
            "type":"range",
            "id":"popup_shadow_opacity",
            "min":0,
            "max":100,
            "step":5,
            "unit":"%",
            "label":"t:settings_schema.global.settings.opacity.label",
            "default":10
         },
         {
            "type":"range",
            "id":"popup_shadow_horizontal_offset",
            "min":-40,
            "max":40,
            "step":2,
            "unit":"px",
            "label":"t:settings_schema.global.settings.horizontal_offset.label",
            "default":10
         },
         {
            "type":"range",
            "id":"popup_shadow_vertical_offset",
            "min":-40,
            "max":40,
            "step":2,
            "unit":"px",
            "label":"t:settings_schema.global.settings.vertical_offset.label",
            "default":12
         },
         {
            "type":"range",
            "id":"popup_shadow_blur",
            "min":0,
            "max":40,
            "step":5,
            "unit":"px",
            "label":"t:settings_schema.global.settings.blur.label",
            "default":20
         }
      ]
   },
   {
      "name":"t:settings_schema.drawers.name",
      "settings":[
         {
            "type":"header",
            "content":"t:settings_schema.global.settings.header__border.content"
         },
         {
            "type":"range",
            "id":"drawer_border_thickness",
            "min":0,
            "max":24,
            "step":1,
            "unit":"px",
            "label":"t:settings_schema.global.settings.thickness.label",
            "default":1
         },
         {
            "type":"range",
            "id":"drawer_border_opacity",
            "min":0,
            "max":100,
            "step":5,
            "unit":"%",
            "label":"t:settings_schema.global.settings.opacity.label",
            "default":10
         },
         {
            "type":"header",
            "content":"t:settings_schema.global.settings.header__shadow.content"
         },
         {
            "type":"range",
            "id":"drawer_shadow_opacity",
            "min":0,
            "max":100,
            "step":5,
            "unit":"%",
            "label":"t:settings_schema.global.settings.opacity.label",
            "default":0
         },
         {
            "type":"range",
            "id":"drawer_shadow_horizontal_offset",
            "min":-40,
            "max":40,
            "step":2,
            "unit":"px",
            "label":"t:settings_schema.global.settings.horizontal_offset.label",
            "default":0
         },
         {
            "type":"range",
            "id":"drawer_shadow_vertical_offset",
            "min":-40,
            "max":40,
            "step":2,
            "unit":"px",
            "label":"t:settings_schema.global.settings.vertical_offset.label",
            "default":0
         },
         {
            "type":"range",
            "id":"drawer_shadow_blur",
            "min":0,
            "max":40,
            "step":5,
            "unit":"px",
            "label":"t:settings_schema.global.settings.blur.label",
            "default":0
         }
      ]
   },
   {
      "name":"t:settings_schema.badges.name",
      "settings":[
         {
            "type":"select",
            "id":"badge_position",
            "options":[
               {
                  "value":"bottom left",
                  "label":"t:settings_schema.badges.settings.position.options__1.label"
               },
               {
                  "value":"bottom right",
                  "label":"t:settings_schema.badges.settings.position.options__2.label"
               },
               {
                  "value":"top left",
                  "label":"t:settings_schema.badges.settings.position.options__3.label"
               },
               {
                  "value":"top right",
                  "label":"t:settings_schema.badges.settings.position.options__4.label"
               }
            ],
            "default":"bottom left",
            "label":"t:settings_schema.badges.settings.position.label"
         },
         {
            "type":"range",
            "id":"badge_corner_radius",
            "min":0,
            "max":40,
            "step":2,
            "unit":"px",
            "label":"t:settings_schema.global.settings.corner_radius.label",
            "default":6
         },
         {
            "type":"select",
            "id":"sale_badge_color_scheme",
            "options":[
               {
                  "value":"accent-1",
                  "label":"t:sections.all.colors.accent_1.label"
               },
               {
                  "value":"accent-2",
                  "label":"t:sections.all.colors.accent_2.label"
               },
               {
                  "value":"background-2",
                  "label":"t:sections.all.colors.background_2.label"
               }
            ],
            "default":"accent-2",
            "label":"t:settings_schema.badges.settings.sale_badge_color_scheme.label"
         },
         {
            "type":"text",
            "id":"sale_badge_text",
            "label":"Sale badge text",
            "default":"SAVE [percentage]",
            "info":"Use [percentage] to display the percentage the customer is saving."
         },
         {
            "type":"select",
            "id":"sold_out_badge_color_scheme",
            "options":[
               {
                  "value":"background-1",
                  "label":"t:sections.all.colors.background_1.label"
               },
               {
                  "value":"inverse",
                  "label":"t:sections.all.colors.inverse.label"
               }
            ],
            "default":"inverse",
            "label":"t:settings_schema.badges.settings.sold_out_badge_color_scheme.label"
         }
      ]
   },
   {
      "name":"t:settings_schema.styles.name",
      "settings":[
         {
            "type":"select",
            "id":"accent_icons",
            "options":[
               {
                  "value":"accent-1",
                  "label":"t:sections.all.colors.accent_1.label"
               },
               {
                  "value":"accent-2",
                  "label":"t:sections.all.colors.accent_2.label"
               },
               {
                  "value":"outline-button",
                  "label":"t:settings_schema.styles.settings.accent_icons.options__3.label"
               },
               {
                  "value":"text",
                  "label":"t:settings_schema.styles.settings.accent_icons.options__4.label"
               }
            ],
            "default":"text",
            "label":"t:settings_schema.styles.settings.accent_icons.label"
         }
      ]
   },
   {
      "name":"t:settings_schema.brand_information.name",
      "settings":[
         {
            "type":"paragraph",
            "content":"t:settings_schema.brand_information.settings.paragraph.content"
         },
         {
            "type":"inline_richtext",
            "id":"brand_headline",
            "label":"t:settings_schema.brand_information.settings.brand_headline.label"
         },
         {
            "type":"richtext",
            "id":"brand_description",
            "label":"t:settings_schema.brand_information.settings.brand_description.label"
         },
         {
            "type":"image_picker",
            "id":"brand_image",
            "label":"t:settings_schema.brand_information.settings.brand_image.label"
         },
         {
            "type":"range",
            "id":"brand_image_width",
            "min":50,
            "max":550,
            "step":5,
            "default":100,
            "unit":"px",
            "label":"t:settings_schema.brand_information.settings.brand_image_width.label"
         }
      ]
   },
   {
      "name":"t:settings_schema.social-media.name",
      "settings":[
         {
            "type":"header",
            "content":"t:settings_schema.social-media.settings.header.content"
         },
         {
            "type":"text",
            "id":"social_facebook_link",
            "label":"t:settings_schema.social-media.settings.social_facebook_link.label",
            "info":"t:settings_schema.social-media.settings.social_facebook_link.info"
         },
         {
            "type":"text",
            "id":"social_instagram_link",
            "label":"t:settings_schema.social-media.settings.social_instagram_link.label",
            "info":"t:settings_schema.social-media.settings.social_instagram_link.info"
         },
         {
            "type":"text",
            "id":"social_youtube_link",
            "label":"t:settings_schema.social-media.settings.social_youtube_link.label",
            "info":"t:settings_schema.social-media.settings.social_youtube_link.info"
         },
         {
            "type":"text",
            "id":"social_tiktok_link",
            "label":"t:settings_schema.social-media.settings.social_tiktok_link.label",
            "info":"t:settings_schema.social-media.settings.social_tiktok_link.info"
         },
         {
            "type":"text",
            "id":"social_twitter_link",
            "label":"t:settings_schema.social-media.settings.social_twitter_link.label",
            "info":"t:settings_schema.social-media.settings.social_twitter_link.info"
         },
         {
            "type":"text",
            "id":"social_snapchat_link",
            "label":"t:settings_schema.social-media.settings.social_snapchat_link.label",
            "info":"t:settings_schema.social-media.settings.social_snapchat_link.info"
         },
         {
            "type":"text",
            "id":"social_pinterest_link",
            "label":"t:settings_schema.social-media.settings.social_pinterest_link.label",
            "info":"t:settings_schema.social-media.settings.social_pinterest_link.info"
         },
         {
            "type":"text",
            "id":"social_tumblr_link",
            "label":"t:settings_schema.social-media.settings.social_tumblr_link.label",
            "info":"t:settings_schema.social-media.settings.social_tumblr_link.info"
         },
         {
            "type":"text",
            "id":"social_vimeo_link",
            "label":"t:settings_schema.social-media.settings.social_vimeo_link.label",
            "info":"t:settings_schema.social-media.settings.social_vimeo_link.info"
         }
      ]
   },
   {
      "name":"t:settings_schema.search_input.name",
      "settings":[
         {
            "type":"header",
            "content":"t:settings_schema.search_input.settings.header.content"
         },
         {
            "type":"checkbox",
            "id":"predictive_search_enabled",
            "default":true,
            "label":"t:settings_schema.search_input.settings.predictive_search_enabled.label"
         },
         {
            "type":"checkbox",
            "id":"predictive_search_show_vendor",
            "default":false,
            "label":"t:settings_schema.search_input.settings.predictive_search_show_vendor.label",
            "info":"t:settings_schema.search_input.settings.predictive_search_show_vendor.info"
         },
         {
            "type":"checkbox",
            "id":"predictive_search_show_price",
            "default":true,
            "label":"t:settings_schema.search_input.settings.predictive_search_show_price.label",
            "info":"t:settings_schema.search_input.settings.predictive_search_show_price.info"
         }
      ]
   },
   {
      "name":"t:settings_schema.currency_format.name",
      "settings":[
         {
            "type":"header",
            "content":"t:settings_schema.currency_format.settings.content"
         },
         {
            "type":"paragraph",
            "content":"t:settings_schema.currency_format.settings.paragraph"
         },
         {
            "type":"checkbox",
            "id":"currency_code_enabled",
            "label":"t:settings_schema.currency_format.settings.currency_code_enabled.label",
            "default":false
         }
      ]
   },
   {
      "name":"t:settings_schema.cart.name",
      "settings":[
         {
            "type":"select",
            "id":"cart_type",
            "options":[
               {
                  "value":"drawer",
                  "label":"t:settings_schema.cart.settings.cart_type.drawer.label"
               },
               {
                  "value":"page",
                  "label":"t:settings_schema.cart.settings.cart_type.page.label"
               },
               {
                  "value":"notification",
                  "label":"t:settings_schema.cart.settings.cart_type.notification.label"
               }
            ],
            "default":"drawer",
            "label":"t:settings_schema.cart.settings.cart_type.label"
         },
         {
            "type":"checkbox",
            "id":"show_vendor",
            "label":"t:settings_schema.cart.settings.show_vendor.label",
            "default":false
         },
         {
            "type":"checkbox",
            "id":"show_cart_note",
            "label":"t:settings_schema.cart.settings.show_cart_note.label",
            "default":false
         },
         {
            "type":"header",
            "content":"t:settings_schema.cart.settings.cart_drawer.header"
         },
         {
            "type":"checkbox",
            "id":"show_cart_payment_badges",
            "label":"Show payment badges",
            "default":false
         },
         {
            "type":"image_picker",
            "id":"cart_trust_badges",
            "label":"Trust badges"
         },
         {
            "type":"range",
            "id":"cart_trust_badges_width",
            "min":0,
            "max":100,
            "step":5,
            "default":100,
            "unit":"%",
            "label":"Trust badges width"
         },
         {
            "type":"collection",
            "id":"cart_drawer_collection",
            "label":"t:settings_schema.cart.settings.cart_drawer.collection.label",
            "info":"t:settings_schema.cart.settings.cart_drawer.collection.info"
         },
         {
            "type":"header",
            "content":"Cart discount"
         },
         {
            "type":"checkbox",
            "id":"enable_cart_discount",
            "label":"Show cart discount field"
         },
         {
            "type":"text",
            "id":"cart_discount_placeholder",
            "label":"Cart discount field placeholder",
            "default":"Enter discount code"
         },
         {
            "type":"text",
            "id":"cart_discount_btn_label",
            "label":"Cart discount field button label",
            "default":"ADD"
         },
		 {
            "type":"checkbox",
            "id":"enable_countdown_timer",
            "label":"Enable Countdown timer"
         },
         {
            "type":"inline_richtext",
            "id":"timer_text",
            "label":"Text",
            "default":"<strong>Cart reserved for [timer] more minutes!<\/strong>",
            "info":"Use [timer] to display the timer."
         },
         {
            "type":"number",
            "id":"timer_duration",
            "label":"Timer duration (in seconds)",
            "default":300
         },
         {
            "type":"select",
            "id":"font_size",
            "options":[
               {
                  "value":"1",
                  "label":"Extra small"
               },
               {
                  "value":"1.2",
                  "label":"Small"
               },
               {
                  "value":"1.4",
                  "label":"Medium"
               },
               {
                  "value":"1.6",
                  "label":"Large"
               },
               {
                  "value":"1.8",
                  "label":"Extra large"
               }
            ],
            "default":"1.4",
            "label":"Text size"
         },
         {
            "type":"select",
            "id":"color_scheme",
            "options":[
               {
                  "value":"accent-1",
                  "label":"t:sections.all.colors.accent_1.label"
               },
               {
                  "value":"accent-2",
                  "label":"t:sections.all.colors.accent_2.label"
               },
               {
                  "value":"background-1",
                  "label":"t:sections.all.colors.background_1.label"
               },
               {
                  "value":"background-2",
                  "label":"t:sections.all.colors.background_2.label"
               },
               {
                  "value":"inverse",
                  "label":"t:sections.all.colors.inverse.label"
               }
            ],
            "default":"inverse",
            "label":"Color scheme"
         },
         {
            "type":"header",
            "content":"Block margin"
         },
         {
            "type":"range",
            "id":"margin_top",
            "min":0,
            "max":45,
            "step":3,
            "unit":"px",
            "label":"Top margin",
            "default":0
         },
         {
            "type":"range",
            "id":"margin_bottom",
            "min":0,
            "max":45,
            "step":3,
            "unit":"px",
            "label":"Bottom margin",
            "default":15
         },
         {
            "type":"header",
            "content":"Cart progress bar"
         },
         {
            "type":"paragraph",
            "content":"Use the cart progress bar for shipping or other cart promotions. The progress bar will show a success message once the cart subtotal reaches the set goal. Make sure to set up an [automatic discount](https:\/\/help.shopify.com\/en\/manual\/discounts\/automatic-discounts)."
         },
         {
            "type":"checkbox",
            "id":"enable_cart_progress_bar",
            "label":"Show cart progress bar"
         },
         {
            "type":"text",
            "id":"cart_progress_threshold",
            "label":"Progress bar goal",
            "info":"This should be the required cart sub-total for the promotion.",
            "default":"50"
         },
         {
            "type":"text",
            "id":"cart_progress_message",
            "label":"Progress bar message",
            "default":"Spend [amount] more to get FREE shipping!",
            "info":"Use '[amount]' to display the amount needed to reach the goal."
         },
         {
            "type":"text",
            "id":"cart_progress_success_message",
            "label":"Progress bar success message",
            "default":"Congrats! You get FREE shipping!"
         },
         {
            "type":"select",
            "id":"cart_progress_icon",
            "options":[
               {
                  "value":"none",
                  "label":"t:sections.collapsible_content.blocks.collapsible_row.settings.icon.options__1.label"
               },
               {
                  "value":"bottle",
                  "label":"t:sections.collapsible_content.blocks.collapsible_row.settings.icon.options__4.label"
               },
               {
                  "value":"box",
                  "label":"t:sections.collapsible_content.blocks.collapsible_row.settings.icon.options__5.label"
               },
               {
                  "value":"chat_bubble",
                  "label":"t:sections.collapsible_content.blocks.collapsible_row.settings.icon.options__7.label"
               },
               {
                  "value":"check_mark",
                  "label":"t:sections.collapsible_content.blocks.collapsible_row.settings.icon.options__8.label"
               },
               {
                  "value":"clipboard",
                  "label":"t:sections.collapsible_content.blocks.collapsible_row.settings.icon.options__9.label"
               },
               {
                  "value":"dairy",
                  "label":"t:sections.collapsible_content.blocks.collapsible_row.settings.icon.options__10.label"
               },
               {
                  "value":"dairy_free",
                  "label":"t:sections.collapsible_content.blocks.collapsible_row.settings.icon.options__11.label"
               },
               {
                  "value":"dryer",
                  "label":"t:sections.collapsible_content.blocks.collapsible_row.settings.icon.options__12.label"
               },
               {
                  "value":"eye",
                  "label":"t:sections.collapsible_content.blocks.collapsible_row.settings.icon.options__13.label"
               },
               {
                  "value":"fire",
                  "label":"t:sections.collapsible_content.blocks.collapsible_row.settings.icon.options__14.label"
               },
               {
                  "value":"heart",
                  "label":"t:sections.collapsible_content.blocks.collapsible_row.settings.icon.options__16.label"
               },
               {
                  "value":"leaf",
                  "label":"t:sections.collapsible_content.blocks.collapsible_row.settings.icon.options__18.label"
               },
               {
                  "value":"leather",
                  "label":"t:sections.collapsible_content.blocks.collapsible_row.settings.icon.options__19.label"
               },
               {
                  "value":"lightning_bolt",
                  "label":"t:sections.collapsible_content.blocks.collapsible_row.settings.icon.options__20.label"
               },
               {
                  "value":"lipstick",
                  "label":"t:sections.collapsible_content.blocks.collapsible_row.settings.icon.options__21.label"
               },
               {
                  "value":"lock",
                  "label":"t:sections.collapsible_content.blocks.collapsible_row.settings.icon.options__22.label"
               },
               {
                  "value":"map_pin",
                  "label":"t:sections.collapsible_content.blocks.collapsible_row.settings.icon.options__23.label"
               },
               {
                  "value":"pants",
                  "label":"t:sections.collapsible_content.blocks.collapsible_row.settings.icon.options__25.label"
               },
               {
                  "value":"paw_print",
                  "label":"t:sections.collapsible_content.blocks.collapsible_row.settings.icon.options__26.label"
               },
               {
                  "value":"perfume",
                  "label":"t:sections.collapsible_content.blocks.collapsible_row.settings.icon.options__28.label"
               },
               {
                  "value":"plane",
                  "label":"t:sections.collapsible_content.blocks.collapsible_row.settings.icon.options__29.label"
               },
               {
                  "value":"plant",
                  "label":"t:sections.collapsible_content.blocks.collapsible_row.settings.icon.options__30.label"
               },
               {
                  "value":"price_tag",
                  "label":"t:sections.collapsible_content.blocks.collapsible_row.settings.icon.options__31.label"
               },
               {
                  "value":"question_mark",
                  "label":"t:sections.collapsible_content.blocks.collapsible_row.settings.icon.options__32.label"
               },
               {
                  "value":"recycle",
                  "label":"t:sections.collapsible_content.blocks.collapsible_row.settings.icon.options__33.label"
               },
               {
                  "value":"return",
                  "label":"t:sections.collapsible_content.blocks.collapsible_row.settings.icon.options__34.label"
               },
               {
                  "value":"ruler",
                  "label":"t:sections.collapsible_content.blocks.collapsible_row.settings.icon.options__35.label"
               },
               {
                  "value":"serving_dish",
                  "label":"t:sections.collapsible_content.blocks.collapsible_row.settings.icon.options__36.label"
               },
               {
                  "value":"shirt",
                  "label":"t:sections.collapsible_content.blocks.collapsible_row.settings.icon.options__37.label"
               },
               {
                  "value":"shoe",
                  "label":"t:sections.collapsible_content.blocks.collapsible_row.settings.icon.options__38.label"
               },
               {
                  "value":"silhouette",
                  "label":"t:sections.collapsible_content.blocks.collapsible_row.settings.icon.options__39.label"
               },
               {
                  "value":"snowflake",
                  "label":"t:sections.collapsible_content.blocks.collapsible_row.settings.icon.options__40.label"
               },
               {
                  "value":"star",
                  "label":"t:sections.collapsible_content.blocks.collapsible_row.settings.icon.options__41.label"
               },
               {
                  "value":"stopwatch",
                  "label":"t:sections.collapsible_content.blocks.collapsible_row.settings.icon.options__42.label"
               },
               {
                  "value":"truck",
                  "label":"t:sections.collapsible_content.blocks.collapsible_row.settings.icon.options__43.label"
               }
            ],
            "default":"truck",
            "label":"Progress bar icon"
         },
         {
            "type":"header",
            "content":"Primary cart upsell"
         },
         {
            "type":"checkbox",
            "id":"enable_cart_upsell_1",
            "label":"Enable Primary Cart Upsell"
         },
         {
            "type":"product",
            "id":"cart_upsell_1_product",
            "label":"Cart Upsell #1 Product",
            "info":"Upsell product will not show if it is already in cart."
         },
         {
            "type":"text",
            "id":"cart_upsell_1_title",
            "label":"Cart Upsell #1 Title",
            "default":"Special Offer"
         },
         {
            "type":"richtext",
            "id":"cart_upsell_1_desc",
            "label":"Cart Upsell #1 Short Description",
            "default":"<p>Write a short description about your upsell product to attract customers<\/p>"
         },
         {
            "type":"text",
            "id":"cart_upsell_1_btn_label",
            "label":"Cart Upsell #1 Button Label",
            "default":"+ Add"
         },
         {
            "type":"header",
            "content":"Secondary cart upsell"
         },
         {
            "type":"checkbox",
            "id":"enable_cart_upsell_2",
            "label":"Enable Secondary Cart Upsell"
         },
         {
            "type":"product",
            "id":"cart_upsell_2_product",
            "label":"Cart Upsell #2 Product",
            "info":"Upsell product will not show if it is already in cart."
         },
         {
            "type":"text",
            "id":"cart_upsell_2_title",
            "label":"Cart Upsell #2 Title"
         },
         {
            "type":"richtext",
            "id":"cart_upsell_2_desc",
            "label":"Cart Upsell #2 Short Description"
         },
         {
            "type":"text",
            "id":"cart_upsell_2_btn_label",
            "label":"Cart Upsell #2 Button Label",
            "default":"+ Add"
         }
      ]
   }
]