{"name":"t:sections.header.name","type":"header","sections":{"announcement-bar":{"type":"announcement-bar","blocks":{"announcement-bar-0":{"type":"announcement","settings":{"text":"WELCOME TO OUR STORE!","text_alignment":"center","color_scheme":"accent-1","link":""}}},"block_order":["announcement-bar-0"],"disabled":true,"settings":{}},"2c2ec774-3430-481f-b927-e9c035b9d24e":{"type":"horizontal-ticker","blocks":{"sections--18060430639399__2c2ec774-3430-481f-b927-e9c035b9d24e-1679250655d32e639c-0":{"type":"text","settings":{"title":"WELCOME!"}},"sections--18060430639399__2c2ec774-3430-481f-b927-e9c035b9d24e-1679250655d32e639c-1":{"type":"text","settings":{"title":"SITEWIDE SALE"}},"sections--18060430639399__2c2ec774-3430-481f-b927-e9c035b9d24e-1679250655d32e639c-2":{"type":"text","settings":{"title":"USE CODE X FOR X% OFF!"}}},"block_order":["sections--18060430639399__2c2ec774-3430-481f-b927-e9c035b9d24e-1679250655d32e639c-0","sections--18060430639399__2c2ec774-3430-481f-b927-e9c035b9d24e-1679250655d32e639c-1","sections--18060430639399__2c2ec774-3430-481f-b927-e9c035b9d24e-1679250655d32e639c-2"],"settings":{"speed":3,"text_spacing":3,"text_size":"1.75","italic_text":false,"uppercase_text":false,"bold_text":false,"color_scheme":"accent-1","padding_top":16,"padding_bottom":16}},"header":{"type":"header","custom_css":[],"settings":{"sticky_header_type":"on-scroll-up","show_line_separator":true,"color_scheme":"background-1","logo_position":"middle-center","menu":"main-menu","highlight_active_link":true,"highlighted_link_color_scheme":"accent-1","mobile_menu_title":"Menu","secondary_menu":"","menu_color_scheme":"background-1","mobile_logo_position":"center","margin_bottom":0,"padding_top":20,"padding_bottom":20}}},"order":["announcement-bar","2c2ec774-3430-481f-b927-e9c035b9d24e","header"]}