{"sections":{"e6750b05-7703-4f69-ab7c-9ffb0acf18fb":{"type":"slideshow","blocks":{"template--18472095940937__e6750b05-7703-4f69-ab7c-9ffb0acf18fb-16798645128eb8005e-0":{"type":"slide","settings":{"heading":"Image slide","heading_size":"h1","subheading":"Tell your brand's story through images","button_label":"Button label","link":"shopify:\/\/products\/wart","button_style_secondary":false,"box_align":"middle-center","show_text_box":true,"text_alignment":"center","image_overlay_opacity":0,"color_scheme":"background-1","text_alignment_mobile":"center"}},"template--18472095940937__e6750b05-7703-4f69-ab7c-9ffb0acf18fb-16798645128eb8005e-1":{"type":"slide","settings":{"heading":"Image slide","heading_size":"h1","subheading":"Tell your brand's story through images","button_label":"Button label","link":"","button_style_secondary":false,"box_align":"middle-center","show_text_box":true,"text_alignment":"center","image_overlay_opacity":0,"color_scheme":"background-1","text_alignment_mobile":"center"}}},"block_order":["template--18472095940937__e6750b05-7703-4f69-ab7c-9ffb0acf18fb-16798645128eb8005e-0","template--18472095940937__e6750b05-7703-4f69-ab7c-9ffb0acf18fb-16798645128eb8005e-1"],"settings":{"layout":"full_bleed","slide_height":"medium","slider_visual":"counter","auto_rotate":false,"change_slides_speed":5,"show_text_below":true,"accessibility_info":"Slideshow about our brand"}},"d8b7c7f2-8a7b-486d-b2c1-184eea98110d":{"type":"horizontal-ticker","blocks":{"template--18472095940937__d8b7c7f2-8a7b-486d-b2c1-184eea98110d-1679864525e35c34e4-0":{"type":"text","settings":{"title":"FEATURE"}},"template--18472095940937__d8b7c7f2-8a7b-486d-b2c1-184eea98110d-1679864525e35c34e4-1":{"type":"text","settings":{"title":"FEATURE"}},"template--18472095940937__d8b7c7f2-8a7b-486d-b2c1-184eea98110d-1679864525e35c34e4-2":{"type":"text","settings":{"title":"FEATURE"}}},"block_order":["template--18472095940937__d8b7c7f2-8a7b-486d-b2c1-184eea98110d-1679864525e35c34e4-0","template--18472095940937__d8b7c7f2-8a7b-486d-b2c1-184eea98110d-1679864525e35c34e4-1","template--18472095940937__d8b7c7f2-8a7b-486d-b2c1-184eea98110d-1679864525e35c34e4-2"],"settings":{"speed":3,"text_spacing":3,"text_size":"1.75","italic_text":false,"uppercase_text":false,"bold_text":false,"color_scheme":"accent-1","padding_top":16,"padding_bottom":16}},"eab98bdb-f257-46ac-a548-66c24089d95a":{"type":"comparison-table","blocks":{"template--18472095940937__eab98bdb-f257-46ac-a548-66c24089d95a-167986455514a8e470-0":{"type":"row","settings":{"benefit":"Benefit","us":true,"others":false}},"template--18472095940937__eab98bdb-f257-46ac-a548-66c24089d95a-167986455514a8e470-1":{"type":"row","settings":{"benefit":"Benefit","us":true,"others":false}},"template--18472095940937__eab98bdb-f257-46ac-a548-66c24089d95a-167986455514a8e470-2":{"type":"row","settings":{"benefit":"Benefit","us":true,"others":false}},"d4c65361-b69b-4224-8ea3-3f8565f6b66a":{"type":"row","settings":{"benefit":"Benefit","us":false,"others":true}}},"block_order":["template--18472095940937__eab98bdb-f257-46ac-a548-66c24089d95a-167986455514a8e470-0","template--18472095940937__eab98bdb-f257-46ac-a548-66c24089d95a-167986455514a8e470-1","template--18472095940937__eab98bdb-f257-46ac-a548-66c24089d95a-167986455514a8e470-2","d4c65361-b69b-4224-8ea3-3f8565f6b66a"],"settings":{"title":"Comparison table","heading_size":"h1","text":"<p>Talk about how and why is your brand better than the others.<\/p>","button_label":"","link":"","button_style_secondary":false,"layout":"table_second","color_scheme":"background-1","logo_width":90,"mobile_logo_width":60,"us_label":"","others_label":"Others","benefit_color_scheme":"accent-1","checkmark_color":"#53af01","icon_cells_color_scheme":"background-1","padding_top":36,"padding_bottom":36}},"bb0df407-4b1e-45f0-a6fa-a64b51c078eb":{"type":"icon-bar","blocks":{"template--18472095940937__bb0df407-4b1e-45f0-a6fa-a64b51c078eb-16798645704e6a2246-0":{"type":"column","settings":{"icon":"heart","title":"Icon","text":"<p>Pair text with an icon to focus on your chosen product, collection, or blog post<p>"}},"template--18472095940937__bb0df407-4b1e-45f0-a6fa-a64b51c078eb-16798645704e6a2246-1":{"type":"column","settings":{"icon":"heart","title":"Icon","text":"<p>Pair text with an icon to focus on your chosen product, collection, or blog post<p>"}},"template--18472095940937__bb0df407-4b1e-45f0-a6fa-a64b51c078eb-16798645704e6a2246-2":{"type":"column","settings":{"icon":"heart","title":"Icon","text":"<p>Pair text with an icon to focus on your chosen product, collection, or blog post<p>"}},"template--18472095940937__bb0df407-4b1e-45f0-a6fa-a64b51c078eb-16798645704e6a2246-3":{"type":"column","settings":{"icon":"heart","title":"Icon","text":"<p>Pair text with an icon to focus on your chosen product, collection, or blog post<p>"}}},"block_order":["template--18472095940937__bb0df407-4b1e-45f0-a6fa-a64b51c078eb-16798645704e6a2246-0","template--18472095940937__bb0df407-4b1e-45f0-a6fa-a64b51c078eb-16798645704e6a2246-1","template--18472095940937__bb0df407-4b1e-45f0-a6fa-a64b51c078eb-16798645704e6a2246-2","template--18472095940937__bb0df407-4b1e-45f0-a6fa-a64b51c078eb-16798645704e6a2246-3"],"settings":{"title":"Icon bar","heading_size":"h1","text":"","icon_size":"medium","columns_desktop":4,"icon_color":"accent-1","background_style":"none","color_scheme":"inverse","columns_mobile":"1","swipe_on_mobile":false,"padding_top":36,"padding_bottom":36}},"bc1e4135-d444-4f02-9a44-f1227e674ad3":{"type":"vertical-ticker","blocks":{"template--18472095940937__bc1e4135-d444-4f02-9a44-f1227e674ad3-16798645834b53974d-0":{"type":"text","settings":{"title":"FEATURE 1"}},"template--18472095940937__bc1e4135-d444-4f02-9a44-f1227e674ad3-16798645834b53974d-1":{"type":"text","settings":{"title":"FEATURE 2"}},"template--18472095940937__bc1e4135-d444-4f02-9a44-f1227e674ad3-16798645834b53974d-2":{"type":"text","settings":{"title":"FEATURE 3"}},"template--18472095940937__bc1e4135-d444-4f02-9a44-f1227e674ad3-16798645834b53974d-3":{"type":"text","settings":{"title":"FEATURE 4"}},"9f4aa364-0571-45d6-8155-e6adf0f9bf47":{"type":"text","settings":{"title":"FEATURE 5"}}},"block_order":["template--18472095940937__bc1e4135-d444-4f02-9a44-f1227e674ad3-16798645834b53974d-0","template--18472095940937__bc1e4135-d444-4f02-9a44-f1227e674ad3-16798645834b53974d-1","template--18472095940937__bc1e4135-d444-4f02-9a44-f1227e674ad3-16798645834b53974d-2","template--18472095940937__bc1e4135-d444-4f02-9a44-f1227e674ad3-16798645834b53974d-3","9f4aa364-0571-45d6-8155-e6adf0f9bf47"],"settings":{"number_of_rows":8,"speed":3,"text_size":"4","italic_text":false,"uppercase_text":false,"bold_text":false,"ticker_color_scheme":"accent-1","layout":"ticker_second","padding_top":40,"padding_bottom":40,"display_content":"always","content_heading":"Vertical Ticker","content_heading_size":"h1","content_text":"<p>Talk about features, perks, or benefits of your brand or product <\/p>","button_label":"Button label","link":"","button_style_secondary":false,"content_color_scheme":"background-1","overlay_color":"#000000","overlay_opacity":0,"content_padding_top":36,"content_padding_bottom":24}},"05db8b15-3aa7-4652-a96c-89ad2a167474":{"type":"horizontal-ticker","blocks":{"template--18472095940937__05db8b15-3aa7-4652-a96c-89ad2a167474-1679864525e35c34e4-0":{"type":"text","settings":{"title":"Shrine Theme"}},"template--18472095940937__05db8b15-3aa7-4652-a96c-89ad2a167474-1679864525e35c34e4-1":{"type":"text","settings":{"title":"Shrine Theme"}},"template--18472095940937__05db8b15-3aa7-4652-a96c-89ad2a167474-1679864525e35c34e4-2":{"type":"text","settings":{"title":"Shrine Theme"}}},"block_order":["template--18472095940937__05db8b15-3aa7-4652-a96c-89ad2a167474-1679864525e35c34e4-0","template--18472095940937__05db8b15-3aa7-4652-a96c-89ad2a167474-1679864525e35c34e4-1","template--18472095940937__05db8b15-3aa7-4652-a96c-89ad2a167474-1679864525e35c34e4-2"],"settings":{"speed":3,"text_spacing":3,"text_size":"1.75","italic_text":false,"uppercase_text":true,"bold_text":true,"color_scheme":"inverse","padding_top":16,"padding_bottom":16}},"33217d57-e749-436e-bb7a-44a340facaa4":{"type":"results","blocks":{"template--18472095940937__33217d57-e749-436e-bb7a-44a340facaa4-16798646483bf89b52-0":{"type":"row","settings":{"percentage":90,"row_text":"<p>Noticed that this product has significantly improved their life.<\/p>"}},"template--18472095940937__33217d57-e749-436e-bb7a-44a340facaa4-16798646483bf89b52-1":{"type":"row","settings":{"percentage":90,"row_text":"<p>Noticed that this product has significantly improved their life.<\/p>"}},"template--18472095940937__33217d57-e749-436e-bb7a-44a340facaa4-16798646483bf89b52-2":{"type":"row","settings":{"percentage":90,"row_text":"<p>Noticed that this product has significantly improved their life.<\/p>"}}},"block_order":["template--18472095940937__33217d57-e749-436e-bb7a-44a340facaa4-16798646483bf89b52-0","template--18472095940937__33217d57-e749-436e-bb7a-44a340facaa4-16798646483bf89b52-1","template--18472095940937__33217d57-e749-436e-bb7a-44a340facaa4-16798646483bf89b52-2"],"settings":{"title":"Results","heading_size":"h1","text":"<p>Talk about results of your customers and how your product improved their life.<\/p>","color_scheme":"background-1","layout":"results_second","results_headline":"Results heading","results_headline_size":"h2","results_headline_alignment":"left","caption":"<p>Caption about the results and\/or link for their proof.<\/p>","button_label":"","link":"","button_style_secondary":false,"padding_top":36,"padding_bottom":36}},"c65117da-b894-43a0-8d4d-7bd214ab10a9":{"type":"testimonials","blocks":{"template--18472095940937__c65117da-b894-43a0-8d4d-7bd214ab10a9-16798646670717cf42-0":{"type":"column","settings":{"title":"Heading","text":"<p>Share positive thoughts and feedback from your customer..<\/p>","author":"Author"}},"template--18472095940937__c65117da-b894-43a0-8d4d-7bd214ab10a9-16798646670717cf42-1":{"type":"column","settings":{"title":"Heading","text":"<p>Share positive thoughts and feedback from your customer..<\/p>","author":"Author"}},"template--18472095940937__c65117da-b894-43a0-8d4d-7bd214ab10a9-16798646670717cf42-2":{"type":"column","settings":{"title":"Heading","text":"<p>Share positive thoughts and feedback from your customer..<\/p>","author":"Author"}}},"block_order":["template--18472095940937__c65117da-b894-43a0-8d4d-7bd214ab10a9-16798646670717cf42-0","template--18472095940937__c65117da-b894-43a0-8d4d-7bd214ab10a9-16798646670717cf42-1","template--18472095940937__c65117da-b894-43a0-8d4d-7bd214ab10a9-16798646670717cf42-2"],"settings":{"title":"Testimonials","heading_size":"h1","text":"","image_width":"full","image_ratio":"square","columns_desktop":3,"column_alignment":"center","show_stars":true,"show_quotes":true,"background_style":"primary","color_scheme":"background-1","padding_top":36,"padding_bottom":36}},"0cf14636-438d-4227-b017-3b91b9f6dd17":{"type":"contact-form","settings":{"heading":"Contact form","heading_size":"h1","button_full_width":true,"color_scheme":"background-1","padding_top":36,"padding_bottom":36}}},"order":["e6750b05-7703-4f69-ab7c-9ffb0acf18fb","d8b7c7f2-8a7b-486d-b2c1-184eea98110d","eab98bdb-f257-46ac-a548-66c24089d95a","bb0df407-4b1e-45f0-a6fa-a64b51c078eb","bc1e4135-d444-4f02-9a44-f1227e674ad3","05db8b15-3aa7-4652-a96c-89ad2a167474","33217d57-e749-436e-bb7a-44a340facaa4","c65117da-b894-43a0-8d4d-7bd214ab10a9","0cf14636-438d-4227-b017-3b91b9f6dd17"]}