{"sections":{"main":{"type":"main-product","blocks":{"c5728eab-5b1d-44e7-8e74-220cfef92c9b":{"type":"urgency","settings":{"urgency":"HOT PRODUCT | LOW STOCK","color_scheme":"accent-1"}},"title":{"type":"title","settings":{"text_size":"h1","title_alignment":"left","uppercase_title":false}},"price":{"type":"price","settings":{"layout":"price_first"}},"de244682-4323-4802-b4ba-b79b08e0c71d":{"type":"emoji_benefits","settings":{"benefits":"<p>🙌 Benefit<\/p><p>💪 Benefit<\/p><p>🌟 Benefit<\/p>"}},"44f9cdc2-f4bf-466e-87d5-fb765ad4864a":{"type":"variant_picker","settings":{"picker_type":"button","enable_color_swatches":false,"custom_swatch_option_name":"","enable_swatches_custom_colors":false}},"074f248d-8d73-4c8f-a97e-d8e82c5be5fc":{"type":"quantity_selector","settings":{"enable_quantity_discounts":false,"headline":"BUNDLE & SAVE","preselected":"option_1","display_badge":"none","badge_text":"Most Popular","enable_variant_selectors":true,"enable_variant_selectors_on_quantity_of_1":false,"option_1_quantity":1,"option_1_label":"","option_1_benefit":"","option_1_caption":"You save [amount]","option_1_discount_type":"none","option_1_percentage_off":0,"option_1_fixed_amount_off":"0","option_2_quantity":2,"option_2_label":"","option_2_benefit":"","option_2_caption":"You save [amount]","option_2_discount_type":"none","option_2_percentage_off":0,"option_2_fixed_amount_off":"0","option_3_quantity":3,"option_3_label":"","option_3_benefit":"","option_3_caption":"You save [amount]","option_3_discount_type":"none","option_3_percentage_off":0,"option_3_fixed_amount_off":"0","option_4_quantity":4,"option_4_label":"","option_4_benefit":"","option_4_caption":"You save [amount]","option_4_discount_type":"none","option_4_percentage_off":0,"option_4_fixed_amount_off":"0"}},"buy_buttons":{"type":"buy_buttons","settings":{"show_dynamic_checkout":true,"skip_cart":false,"uppercase_text":true}},"d505cdfe-d5cf-4aff-8e9e-abca6dae66eb":{"type":"sticky_atc","settings":{"display_when":"after_scroll","button_label":"Add to cart","show_price":true,"show_price_badge":true,"color_scheme":"background-1"}},"98db29ee-a7dc-429e-8129-bf71131627da":{"type":"payment_badges","settings":{}},"2edbf491-d07c-4718-b71e-18ffe22ab7dc":{"type":"estimated_shipping","settings":{"display_icon":true,"icon_size":"medium","icon_alignment":"top","message":"<p>Get it between <strong>[start_date]<\/strong> and <strong>[end_date]<\/strong>.<\/p>","min_shipping_days":7,"max_shipping_days":15,"date_format":"day_mm_dd","days_labels":"Monday, Tuesday, Wednesday, Thursday, Friday, Saturday, Sunday","months_labels":"January, February, March, April, May, June, July, August, September, October, November, December","padding_top":10,"padding_bottom":10}},"149aabfb-9fd8-4472-a633-6032dbe01ed0":{"type":"reviews","settings":{"display_stars":true,"avatar_alignment":"top","author_1":"Author","text_1":"<p>Share positive thoughts and feedback from your customer.<\/p>","author_2":"Author","text_2":"<p>Share positive thoughts and feedback from your customer.<\/p>","author_3":"Author","text_3":"<p>Share positive thoughts and feedback from your customer.<\/p>","padding_top":10,"padding_bottom":10}},"description":{"type":"description","settings":{}}},"block_order":["c5728eab-5b1d-44e7-8e74-220cfef92c9b","title","price","de244682-4323-4802-b4ba-b79b08e0c71d","44f9cdc2-f4bf-466e-87d5-fb765ad4864a","074f248d-8d73-4c8f-a97e-d8e82c5be5fc","buy_buttons","d505cdfe-d5cf-4aff-8e9e-abca6dae66eb","98db29ee-a7dc-429e-8129-bf71131627da","2edbf491-d07c-4718-b71e-18ffe22ab7dc","149aabfb-9fd8-4472-a633-6032dbe01ed0","description"],"settings":{"enable_sticky_info":true,"media_size":"medium","constrain_to_viewport":true,"media_fit":"contain","gallery_layout":"thumbnail_slider","media_position":"left","image_zoom":"none","mobile_thumbnails":"hide","hide_variants":false,"enable_video_looping":false,"trust_badge_position":"top-right","trust_badge_size":"medium","padding_top":24,"padding_bottom":0}},"related-products":{"type":"related-products","disabled":true,"settings":{"heading":"You may also like","heading_size":"h2","products_to_show":4,"columns_desktop":4,"color_scheme":"background-1","image_ratio":"adapt","show_secondary_image":false,"show_vendor":false,"show_rating":false,"columns_mobile":"2","padding_top":36,"padding_bottom":24}},"d7112918-a6ed-4119-8565-5d4b7041284a":{"type":"rich-text","blocks":{"template--18472096170313__d7112918-a6ed-4119-8565-5d4b7041284a-16798653812b488ac7-0":{"type":"heading","settings":{"heading":"<p>Talk about your brand<\/p>","heading_size":"h1"}},"template--18472096170313__d7112918-a6ed-4119-8565-5d4b7041284a-16798653812b488ac7-1":{"type":"text","settings":{"text":"<p>Share information about your brand with your customers. Describe a product, make announcements, or welcome customers to your store.<\/p>"}},"template--18472096170313__d7112918-a6ed-4119-8565-5d4b7041284a-16798653812b488ac7-2":{"type":"button","settings":{"button_label":"Button label","button_link":"","button_style_secondary":false,"button_label_2":"","button_link_2":"","button_style_secondary_2":false}}},"block_order":["template--18472096170313__d7112918-a6ed-4119-8565-5d4b7041284a-16798653812b488ac7-0","template--18472096170313__d7112918-a6ed-4119-8565-5d4b7041284a-16798653812b488ac7-1","template--18472096170313__d7112918-a6ed-4119-8565-5d4b7041284a-16798653812b488ac7-2"],"settings":{"desktop_content_position":"center","content_alignment":"center","color_scheme":"background-1","full_width":true,"padding_top":40,"padding_bottom":52}},"03c08e95-f0ce-4379-bc05-787da4136202":{"type":"horizontal-ticker","blocks":{"template--18472096170313__03c08e95-f0ce-4379-bc05-787da4136202-1679864525e35c34e4-0":{"type":"text","settings":{"title":"Shrine Theme"}},"template--18472096170313__03c08e95-f0ce-4379-bc05-787da4136202-1679864525e35c34e4-1":{"type":"text","settings":{"title":"Shrine Theme"}},"template--18472096170313__03c08e95-f0ce-4379-bc05-787da4136202-1679864525e35c34e4-2":{"type":"text","settings":{"title":"Shrine Theme"}}},"block_order":["template--18472096170313__03c08e95-f0ce-4379-bc05-787da4136202-1679864525e35c34e4-0","template--18472096170313__03c08e95-f0ce-4379-bc05-787da4136202-1679864525e35c34e4-1","template--18472096170313__03c08e95-f0ce-4379-bc05-787da4136202-1679864525e35c34e4-2"],"settings":{"speed":3,"text_spacing":3,"text_size":"1.75","italic_text":false,"uppercase_text":false,"bold_text":false,"color_scheme":"accent-1","padding_top":16,"padding_bottom":16}},"6b7afe89-5595-4016-a10d-f260d82ca9cc":{"type":"comparison-table","blocks":{"template--18472096170313__6b7afe89-5595-4016-a10d-f260d82ca9cc-167986455514a8e470-0":{"type":"row","settings":{"benefit":"Benefit","us":true,"others":false}},"template--18472096170313__6b7afe89-5595-4016-a10d-f260d82ca9cc-167986455514a8e470-1":{"type":"row","settings":{"benefit":"Benefit","us":true,"others":false}},"template--18472096170313__6b7afe89-5595-4016-a10d-f260d82ca9cc-167986455514a8e470-2":{"type":"row","settings":{"benefit":"Benefit","us":true,"others":false}}},"block_order":["template--18472096170313__6b7afe89-5595-4016-a10d-f260d82ca9cc-167986455514a8e470-0","template--18472096170313__6b7afe89-5595-4016-a10d-f260d82ca9cc-167986455514a8e470-1","template--18472096170313__6b7afe89-5595-4016-a10d-f260d82ca9cc-167986455514a8e470-2"],"settings":{"title":"Comparison table","heading_size":"h1","text":"<p>Talk about how and why is your brand better than the others.<\/p>","button_label":"","link":"","button_style_secondary":false,"layout":"table_second","color_scheme":"background-1","logo_width":90,"mobile_logo_width":60,"us_label":"","others_label":"Others","benefit_color_scheme":"accent-1","checkmark_color":"#53af01","icon_cells_color_scheme":"background-1","padding_top":36,"padding_bottom":36}},"1dec15b6-e51f-4064-b412-acf7a98422ef":{"type":"comparison-slider","custom_css":[],"settings":{"title":"Before & After slider","heading_size":"h1","text":"<p>Talk about how and why is your brand better than the others.<\/p>","layout":"slider_second","color_scheme":"background-1","before_label":"Before","after_label":"After","labels_color_scheme":"accent-1","line_color":"background-1","button_label":"","link":"","button_style_secondary":false,"padding_top":36,"padding_bottom":36}},"e21ff573-e051-4bf7-867b-94765a3b8f11":{"type":"icon-bar","blocks":{"template--18472096170313__e21ff573-e051-4bf7-867b-94765a3b8f11-16798645704e6a2246-0":{"type":"column","settings":{"icon":"heart","title":"Icon","text":"<p>Pair text with an icon to focus on your chosen product, collection, or blog post<\/p><p><\/p>"}},"template--18472096170313__e21ff573-e051-4bf7-867b-94765a3b8f11-16798645704e6a2246-1":{"type":"column","settings":{"icon":"heart","title":"Icon","text":"<p>Pair text with an icon to focus on your chosen product, collection, or blog post<\/p><p><\/p>"}},"template--18472096170313__e21ff573-e051-4bf7-867b-94765a3b8f11-16798645704e6a2246-2":{"type":"column","settings":{"icon":"heart","title":"Icon","text":"<p>Pair text with an icon to focus on your chosen product, collection, or blog post<p>"}},"template--18472096170313__e21ff573-e051-4bf7-867b-94765a3b8f11-16798645704e6a2246-3":{"type":"column","settings":{"icon":"heart","title":"Icon","text":"<p>Pair text with an icon to focus on your chosen product, collection, or blog post<p>"}}},"block_order":["template--18472096170313__e21ff573-e051-4bf7-867b-94765a3b8f11-16798645704e6a2246-0","template--18472096170313__e21ff573-e051-4bf7-867b-94765a3b8f11-16798645704e6a2246-1","template--18472096170313__e21ff573-e051-4bf7-867b-94765a3b8f11-16798645704e6a2246-2","template--18472096170313__e21ff573-e051-4bf7-867b-94765a3b8f11-16798645704e6a2246-3"],"settings":{"title":"Icon bar","heading_size":"h1","text":"","icon_size":"medium","columns_desktop":4,"icon_color":"accent-1","background_style":"none","color_scheme":"inverse","columns_mobile":"1","swipe_on_mobile":false,"padding_top":36,"padding_bottom":36}},"93b0a974-5b22-49fe-9076-abdc86f89548":{"type":"vertical-ticker","blocks":{"template--18472096170313__93b0a974-5b22-49fe-9076-abdc86f89548-16798645834b53974d-0":{"type":"text","settings":{"title":"Shrine Theme"}},"template--18472096170313__93b0a974-5b22-49fe-9076-abdc86f89548-16798645834b53974d-1":{"type":"text","settings":{"title":"Shrine Theme"}},"template--18472096170313__93b0a974-5b22-49fe-9076-abdc86f89548-16798645834b53974d-2":{"type":"text","settings":{"title":"Shrine Theme"}},"template--18472096170313__93b0a974-5b22-49fe-9076-abdc86f89548-16798645834b53974d-3":{"type":"text","settings":{"title":"Shrine Theme"}}},"block_order":["template--18472096170313__93b0a974-5b22-49fe-9076-abdc86f89548-16798645834b53974d-0","template--18472096170313__93b0a974-5b22-49fe-9076-abdc86f89548-16798645834b53974d-1","template--18472096170313__93b0a974-5b22-49fe-9076-abdc86f89548-16798645834b53974d-2","template--18472096170313__93b0a974-5b22-49fe-9076-abdc86f89548-16798645834b53974d-3"],"settings":{"number_of_rows":8,"speed":3,"text_size":"4","italic_text":false,"uppercase_text":false,"bold_text":false,"ticker_color_scheme":"accent-1","layout":"ticker_second","padding_top":40,"padding_bottom":40,"display_content":"always","content_heading":"Vertical Ticker","content_heading_size":"h1","content_text":"<p>Talk about features, perks, or benefits of your brand or product <\/p>","button_label":"Button label","link":"","button_style_secondary":false,"content_color_scheme":"background-1","overlay_color":"#000000","overlay_opacity":0,"content_padding_top":36,"content_padding_bottom":24}},"73c5de8e-7b83-4813-8812-d56eb3a987a3":{"type":"horizontal-ticker","blocks":{"template--18472096170313__73c5de8e-7b83-4813-8812-d56eb3a987a3-1679864525e35c34e4-0":{"type":"text","settings":{"title":"Shrine Theme"}},"template--18472096170313__73c5de8e-7b83-4813-8812-d56eb3a987a3-1679864525e35c34e4-1":{"type":"text","settings":{"title":"Shrine Theme"}},"template--18472096170313__73c5de8e-7b83-4813-8812-d56eb3a987a3-1679864525e35c34e4-2":{"type":"text","settings":{"title":"Shrine Theme"}}},"block_order":["template--18472096170313__73c5de8e-7b83-4813-8812-d56eb3a987a3-1679864525e35c34e4-0","template--18472096170313__73c5de8e-7b83-4813-8812-d56eb3a987a3-1679864525e35c34e4-1","template--18472096170313__73c5de8e-7b83-4813-8812-d56eb3a987a3-1679864525e35c34e4-2"],"settings":{"speed":3,"text_spacing":3,"text_size":"1.75","italic_text":false,"uppercase_text":false,"bold_text":false,"color_scheme":"inverse","padding_top":16,"padding_bottom":16}},"64c96926-2c31-48fe-bd21-30941bc87822":{"type":"results","blocks":{"template--18472096170313__64c96926-2c31-48fe-bd21-30941bc87822-16798646483bf89b52-0":{"type":"row","settings":{"percentage":90,"row_text":"<p>Noticed that this product has significantly improved their life.<\/p>"}},"template--18472096170313__64c96926-2c31-48fe-bd21-30941bc87822-16798646483bf89b52-1":{"type":"row","settings":{"percentage":90,"row_text":"<p>Noticed that this product has significantly improved their life.<\/p>"}},"template--18472096170313__64c96926-2c31-48fe-bd21-30941bc87822-16798646483bf89b52-2":{"type":"row","settings":{"percentage":90,"row_text":"<p>Noticed that this product has significantly improved their life.<\/p>"}}},"block_order":["template--18472096170313__64c96926-2c31-48fe-bd21-30941bc87822-16798646483bf89b52-0","template--18472096170313__64c96926-2c31-48fe-bd21-30941bc87822-16798646483bf89b52-1","template--18472096170313__64c96926-2c31-48fe-bd21-30941bc87822-16798646483bf89b52-2"],"settings":{"title":"Results","heading_size":"h1","text":"<p>Talk about results of your customers and how your product improved their life.<\/p>","color_scheme":"background-1","layout":"results_first","results_headline":"Results headline","results_headline_size":"h2","results_headline_alignment":"left","caption":"<p>Caption about the results and\/or link for their proof.<\/p>","button_label":"","link":"","button_style_secondary":false,"padding_top":36,"padding_bottom":36}},"854b8c46-40a3-4c74-9b36-360886558b1f":{"type":"testimonials","blocks":{"template--18472096170313__854b8c46-40a3-4c74-9b36-360886558b1f-16798646670717cf42-0":{"type":"column","settings":{"title":"Heading","text":"<p>Share positive thoughts and feedback from your customer..<\/p>","author":"Author"}},"template--18472096170313__854b8c46-40a3-4c74-9b36-360886558b1f-16798646670717cf42-1":{"type":"column","settings":{"title":"Heading","text":"<p>Share positive thoughts and feedback from your customer..<\/p>","author":"Author"}},"template--18472096170313__854b8c46-40a3-4c74-9b36-360886558b1f-16798646670717cf42-2":{"type":"column","settings":{"title":"Heading","text":"<p>Share positive thoughts and feedback from your customer..<\/p>","author":"Author"}}},"block_order":["template--18472096170313__854b8c46-40a3-4c74-9b36-360886558b1f-16798646670717cf42-0","template--18472096170313__854b8c46-40a3-4c74-9b36-360886558b1f-16798646670717cf42-1","template--18472096170313__854b8c46-40a3-4c74-9b36-360886558b1f-16798646670717cf42-2"],"settings":{"title":"Testimonials","heading_size":"h1","text":"","image_width":"full","image_ratio":"square","columns_desktop":3,"column_alignment":"center","show_stars":true,"show_quotes":true,"background_style":"primary","color_scheme":"background-1","padding_top":36,"padding_bottom":36}},"bb7d2784-ae42-434b-aece-ca60bb5e9aa5":{"type":"collapsible-content","blocks":{"template--19031306928423__bb7d2784-ae42-434b-aece-ca60bb5e9aa5-1687916948e5f2d585-0":{"type":"collapsible_row","settings":{"heading":"Collapsible row","icon":"heart","row_content":"","page":""}},"template--19031306928423__bb7d2784-ae42-434b-aece-ca60bb5e9aa5-1687916948e5f2d585-1":{"type":"collapsible_row","settings":{"heading":"Collapsible row","icon":"check_mark","row_content":"","page":""}},"template--19031306928423__bb7d2784-ae42-434b-aece-ca60bb5e9aa5-1687916948e5f2d585-2":{"type":"collapsible_row","settings":{"heading":"Collapsible row","icon":"check_mark","row_content":"","page":""}},"template--19031306928423__bb7d2784-ae42-434b-aece-ca60bb5e9aa5-1687916948e5f2d585-3":{"type":"collapsible_row","settings":{"heading":"Collapsible row","icon":"check_mark","row_content":"","page":""}}},"block_order":["template--19031306928423__bb7d2784-ae42-434b-aece-ca60bb5e9aa5-1687916948e5f2d585-0","template--19031306928423__bb7d2784-ae42-434b-aece-ca60bb5e9aa5-1687916948e5f2d585-1","template--19031306928423__bb7d2784-ae42-434b-aece-ca60bb5e9aa5-1687916948e5f2d585-2","template--19031306928423__bb7d2784-ae42-434b-aece-ca60bb5e9aa5-1687916948e5f2d585-3"],"settings":{"caption":"","heading":"Collapsible content","heading_size":"h1","heading_alignment":"center","layout":"none","color_scheme":"background-1","container_color_scheme":"background-2","open_first_collapsible_row":false,"image_ratio":"adapt","desktop_layout":"image_second","padding_top":36,"padding_bottom":36}}},"order":["main","related-products","d7112918-a6ed-4119-8565-5d4b7041284a","03c08e95-f0ce-4379-bc05-787da4136202","6b7afe89-5595-4016-a10d-f260d82ca9cc","1dec15b6-e51f-4064-b412-acf7a98422ef","e21ff573-e051-4bf7-867b-94765a3b8f11","93b0a974-5b22-49fe-9076-abdc86f89548","73c5de8e-7b83-4813-8812-d56eb3a987a3","64c96926-2c31-48fe-bd21-30941bc87822","854b8c46-40a3-4c74-9b36-360886558b1f","bb7d2784-ae42-434b-aece-ca60bb5e9aa5"]}